{
 "attach_print": 0,
 "channel": "System Notification",
 "condition": "doc.status == \"Scheduled\"\r\n",
 "creation": "2025-08-14 05:06:26.350124",
 "date_changed": "date_of_departure",
 "days_in_advance": 1,
 "docstatus": 0,
 "doctype": "Notification",
 "document_type": "Airplane Flight",
 "enabled": 1,
 "event": "Days Before",
 "idx": 0,
 "is_standard": 1,
 "message": "Flight {doc.name} departs in 24 hours!\r\n",
 "message_type": "Plain Text",
 "modified": "2025-08-14 05:06:26.350124",
 "modified_by": "Administrator",
 "module": "airplane_mode",
 "name": "Flight Departure Notification",
 "owner": "Administrator",
 "recipients": [
  {
   "condition": "doc.status == \"Scheduled\"",
   "receiver_by_document_field": "owner",
   "receiver_by_role": "System Manager"
  }
 ],
 "send_system_notification": 1,
 "send_to_all_assignees": 0,
 "subject": "Departs in 24 hours!"
}