{
 "actions": [],
 "allow_rename": 1,
 "creation": "2025-10-04 22:52:35.999997",
 "doctype": "DocType",
 "editable_grid": 1,
 "engine": "InnoDB",
 "field_order": [
  "due_date",
  "amount",
  "column_break_omzx",
  "status"
 ],
 "fields": [
  {
   "fieldname": "due_date",
   "fieldtype": "Date",
   "in_filter": 1,
   "in_list_view": 1,
   "in_standard_filter": 1,
   "label": "Due Date"
  },
  {
   "fieldname": "amount",
   "fieldtype": "Currency",
   "in_filter": 1,
   "in_list_view": 1,
   "in_preview": 1,
   "label": "Amount"
  },
  {
   "fieldname": "column_break_omzx",
   "fieldtype": "Column Break"
  },
  {
   "default": "Unpaid",
   "fieldname": "status",
   "fieldtype": "Select",
   "in_filter": 1,
   "in_list_view": 1,
   "in_standard_filter": 1,
   "label": "Status",
   "options": "Unpaid\nPaid\nOverdue"
  }
 ],
 "grid_page_length": 50,
 "index_web_pages_for_search": 1,
 "istable": 1,
 "links": [],
 "modified": "2025-10-04 23:59:18.220980",
 "modified_by": "Administrator",
 "module": "Airport Shop Management",
 "name": "Payment Schedule Item",
 "owner": "Administrator",
 "permissions": [],
 "row_format": "Dynamic",
 "sort_field": "modified",
 "sort_order": "DESC",
 "states": []
}