{
 "actions": [],
 "allow_rename": 1,
 "creation": "2025-09-18 14:57:00.454661",
 "doctype": "DocType",
 "editable_grid": 1,
 "engine": "InnoDB",
 "field_order": [
  "crew_member",
  "role"
 ],
 "fields": [
  {
   "fieldname": "crew_member",
   "fieldtype": "Link",
   "label": "Crew Member",
   "options": "Crew Member"
  },
  {
   "fieldname": "role",
   "fieldtype": "Select",
   "label": "Role",
   "options": "Pilot\nCo-Pilot\nCabin Crew"
  }
 ],
 "grid_page_length": 50,
 "index_web_pages_for_search": 1,
 "istable": 1,
 "links": [],
 "modified": "2025-09-18 15:04:10.141136",
 "modified_by": "Administrator",
 "module": "airplane_mode",
 "name": "Flight Crew Member",
 "owner": "Administrator",
 "permissions": [],
 "row_format": "Dynamic",
 "sort_field": "modified",
 "sort_order": "DESC",
 "states": []
}