{
 "allow_comments": 0,
 "allow_delete": 0,
 "allow_edit": 0,
 "allow_incomplete": 0,
 "allow_multiple": 0,
 "allow_print": 0,
 "anonymous": 0,
 "apply_document_permissions": 0,
 "button_label": "Save",
 "condition_json": "[]",
 "creation": "2025-10-08 00:43:14.057820",
 "doc_type": "Shop Lead",
 "docstatus": 0,
 "doctype": "Web Form",
 "idx": 0,
 "is_standard": 1,
 "list_columns": [],
 "login_required": 0,
 "max_attachment_size": 0,
 "modified": "2025-10-08 00:43:25.888105",
 "modified_by": "Administrator",
 "module": "Airport Shop Management",
 "name": "shop-leads",
 "owner": "Administrator",
 "published": 1,
 "route": "shop-leads",
 "show_attachments": 0,
 "show_list": 0,
 "show_sidebar": 0,
 "success_message": "Leads submitted for this shop",
 "success_title": "Submitted ",
 "success_url": "/shops",
 "title": "Shop Leads",
 "web_form_fields": [
  {
   "allow_read_on_all_link_options": 0,
   "fieldtype": "Attach",
   "hidden": 0,
   "max_length": 0,
   "max_value": 0,
   "precision": "",
   "read_only": 0,
   "reqd": 0,
   "show_in_filter": 0
  },
  {
   "allow_read_on_all_link_options": 0,
   "fieldname": "shop",
   "fieldtype": "Link",
   "hidden": 0,
   "label": "Shop",
   "max_length": 0,
   "max_value": 0,
   "options": "Shop",
   "precision": "",
   "read_only": 0,
   "reqd": 0,
   "show_in_filter": 0
  },
  {
   "allow_read_on_all_link_options": 0,
   "fieldname": "full_name",
   "fieldtype": "Data",
   "hidden": 0,
   "label": "Full Name ",
   "max_length": 0,
   "max_value": 0,
   "precision": "",
   "read_only": 0,
   "reqd": 0,
   "show_in_filter": 0
  },
  {
   "allow_read_on_all_link_options": 0,
   "fieldname": "phone_number",
   "fieldtype": "Data",
   "hidden": 0,
   "label": "Phone Number ",
   "max_length": 0,
   "max_value": 0,
   "precision": "",
   "read_only": 0,
   "reqd": 0,
   "show_in_filter": 0
  },
  {
   "allow_read_on_all_link_options": 0,
   "fieldname": "email",
   "fieldtype": "Data",
   "hidden": 0,
   "label": "Email",
   "max_length": 0,
   "max_value": 0,
   "precision": "",
   "read_only": 0,
   "reqd": 0,
   "show_in_filter": 0
  },
  {
   "allow_read_on_all_link_options": 0,
   "fieldname": "message",
   "fieldtype": "Small Text",
   "hidden": 0,
   "label": "Message",
   "max_length": 0,
   "max_value": 0,
   "precision": "",
   "read_only": 0,
   "reqd": 0,
   "show_in_filter": 0
  }
 ]
}