{
 "add_total_row": 0,
 "add_translate_data": 0,
 "columns": [],
 "creation": "2025-08-21 04:49:43.544761",
 "disabled": 0,
 "docstatus": 0,
 "doctype": "Report",
 "filters": [],
 "idx": 0,
 "is_standard": "Yes",
 "letterhead": null,
 "modified": "2025-08-21 04:49:43.544761",
 "modified_by": "Administrator",
 "module": "airplane_mode",
 "name": "Revenue By Airline",
 "owner": "Administrator",
 "prepared_report": 0,
 "ref_doctype": "Airplane Ticket",
 "report_name": "Revenue By Airline",
 "report_type": "Script Report",
 "roles": [],
 "timeout": 0
}