{
 "absolute_value": 0,
 "align_labels_right": 0,
 "creation": "2025-09-28 02:11:49.759625",
 "css": "",
 "custom_format": 0,
 "default_print_language": "en",
 "disabled": 0,
 "doc_type": "Rent Payment",
 "docstatus": 0,
 "doctype": "Print Format",
 "font_size": 14,
 "format_data": "[{\"fieldname\": \"print_heading_template\", \"fieldtype\": \"Custom HTML\", \"options\": \"<div class=\\\"print-heading\\\">\\t\\t\\t\\t<h2><div>Rent Payment</div><br><small class=\\\"sub-heading\\\">{{ _(doc.name) }}</small>\\t\\t\\t\\t</h2></div>\"}, {\"fieldtype\": \"Section Break\", \"label\": \"\"}, {\"fieldtype\": \"Column Break\"}, {\"fieldname\": \"shop\", \"print_hide\": 0, \"align\": \"left\", \"label\": \"Shop\"}, {\"fieldname\": \"tenant\", \"print_hide\": 0, \"label\": \"Tenant\"}, {\"fieldname\": \"amount_paid\", \"print_hide\": 0, \"align\": \"right\", \"label\": \"Amount Paid\"}, {\"fieldtype\": \"Column Break\"}, {\"fieldname\": \"month\", \"print_hide\": 0, \"label\": \"Month\"}, {\"fieldname\": \"payment_date\", \"print_hide\": 0, \"label\": \"Payment Date\"}, {\"fieldname\": \"contract\", \"print_hide\": 0, \"label\": \"Contract\"}]",
 "idx": 0,
 "line_breaks": 0,
 "margin_bottom": 15.0,
 "margin_left": 15.0,
 "margin_right": 15.0,
 "margin_top": 15.0,
 "modified": "2025-10-12 23:43:53.483066",
 "modified_by": "Administrator",
 "module": "Airport Shop Management",
 "name": "Rent Receipt",
 "owner": "Administrator",
 "page_number": "Bottom Center",
 "pdf_generator": "wkhtmltopdf",
 "print_format_builder": 0,
 "print_format_builder_beta": 0,
 "print_format_type": "Jinja",
 "raw_printing": 0,
 "show_section_headings": 0,
 "standard": "Yes"
}