{
 "actions": [],
 "allow_rename": 1,
 "creation": "2025-08-10 01:23:15.000887",
 "doctype": "DocType",
 "editable_grid": 1,
 "engine": "InnoDB",
 "field_order": [
  "item",
  "amount"
 ],
 "fields": [
  {
   "fieldname": "item",
   "fieldtype": "Link",
   "in_list_view": 1,
   "label": "Item",
   "options": "Airplane Ticket Add-on Type",
   "reqd": 1
  },
  {
   "default": "0",
   "fieldname": "amount",
   "fieldtype": "Currency",
   "in_list_view": 1,
   "label": "Amount"
  }
 ],
 "grid_page_length": 50,
 "index_web_pages_for_search": 1,
 "istable": 1,
 "links": [],
 "modified": "2025-08-10 01:54:43.751451",
 "modified_by": "Administrator",
 "module": "airplane_mode",
 "name": "Airplane Ticket Add-on Item",
 "owner": "Administrator",
 "permissions": [],
 "row_format": "Dynamic",
 "sort_field": "modified",
 "sort_order": "DESC",
 "states": []
}