{
 "allow_comments": 0,
 "allow_delete": 0,
 "allow_edit": 0,
 "allow_incomplete": 0,
 "allow_multiple": 0,
 "allow_print": 0,
 "anonymous": 0,
 "apply_document_permissions": 0,
 "button_label": "Save",
 "client_script": "frappe.web_form.on('flight', (field, value) => {\r\n    if (value) {\r\n        frappe.call({\r\n            method: \"frappe.client.get\",\r\n            args: {\r\n                doctype: \"Airplane Flight\",\r\n                name: value\r\n            },\r\n            callback: function(r) {\r\n                if (r.message) {\r\n                    // Set Flight Price from Airplane Flight\r\n                    frappe.web_form.set_value('flight_price', r.message.flight_price);\r\n                }\r\n            }\r\n        });\r\n    }\r\n});\r\n",
 "condition_json": "[]",
 "creation": "2025-08-16 02:45:21.790156",
 "doc_type": "Airplane Ticket",
 "docstatus": 0,
 "doctype": "Web Form",
 "idx": 0,
 "introduction_text": "<div class=\"ql-editor read-mode\"><p>Fly with us!</p></div>",
 "is_standard": 1,
 "list_columns": [],
 "login_required": 0,
 "max_attachment_size": 0,
 "modified": "2025-08-17 03:35:57.118503",
 "modified_by": "Administrator",
 "module": "airplane_mode",
 "name": "book-flights-ticket-web-form",
 "owner": "Administrator",
 "published": 1,
 "route": "book-flights-ticket-web-form",
 "show_attachments": 0,
 "show_list": 0,
 "show_sidebar": 0,
 "success_message": "You will receive the details in your email soon",
 "success_title": "Ticket Booked",
 "success_url": "",
 "title": "Book Flights Ticket Web Form",
 "web_form_fields": [
  {
   "allow_read_on_all_link_options": 0,
   "fieldname": "passenger",
   "fieldtype": "Link",
   "hidden": 0,
   "label": "Passenger",
   "max_length": 0,
   "max_value": 0,
   "options": "Flight Passenger",
   "precision": "",
   "read_only": 0,
   "reqd": 1,
   "show_in_filter": 0
  },
  {
   "allow_read_on_all_link_options": 0,
   "fieldname": "flight_price",
   "fieldtype": "Currency",
   "hidden": 0,
   "label": "Flight Price",
   "max_length": 0,
   "max_value": 0,
   "precision": "",
   "read_only": 1,
   "reqd": 0,
   "show_in_filter": 0
  },
  {
   "allow_read_on_all_link_options": 0,
   "fieldname": "flight",
   "fieldtype": "Link",
   "hidden": 0,
   "label": "Flight",
   "max_length": 0,
   "max_value": 0,
   "options": "Airplane Flight",
   "precision": "",
   "read_only": 0,
   "reqd": 1,
   "show_in_filter": 0
  }
 ]
}